{
  "timestamp": "2026-03-06T18:40:54.515456",
  "channels": {
    "0": {
      "state": "ON",
      "vset": 1350.0,
      "iset": 0.0001,
      "ramp_up": 25,
      "last_vmon": 1349.76,
      "last_imon": 5.309999999999999e-06
    }
  }
}